name,email,address,region,country
Maisie Calderon,donec.est@aol.couk,"103-388 Pellentesque, St.",Aisén,Chile
Amos Branch,lectus@yahoo.ca,Ap #508-6919 Ante. Rd.,Chandigarh,India
Magee Reeves,eleifend@outlook.org,229-613 Rhoncus. Av.,Huáběi,China
Igor Alvarado,mauris.ipsum.porta@aol.com,Ap #732-7076 Ornare Street,Mizoram,India
Geraldine Cobb,lacinia.vitae.sodales@icloud.edu,7409 Ultricies Rd.,La Libertad,Peru
Nelle Randolph,sed.eu@hotmail.edu,"371-8448 Dolor, Road",Gilgit Baltistan,Pakistan
Ila Carroll,euismod@outlook.org,143-4796 Enim Ave,Melilla,Spain
Brielle May,mauris.elit.dictum@google.couk,"P.O. Box 398, 4875 Egestas St.",Mecklenburg-Vorpommern,Germany
Samantha Koch,pharetra.nam@outlook.ca,Ap #650-941 Massa St.,Corse,France
Amery Sellers,velit.aliquam@hotmail.ca,5432 Urna Rd.,North West,South Africa
Hedwig Nolan,aliquam@hotmail.edu,559-1623 Odio Av.,Noord Brabant,Netherlands
Tanya Harrington,cras.dictum.ultricies@yahoo.edu,297-4131 Fusce Av.,Bourgogne,France
Mufutau Armstrong,rutrum.magna.cras@hotmail.edu,302-4194 Sed Street,Hidalgo,Mexico
Bree Berger,lectus.pede@hotmail.ca,5786 Morbi Street,Haute-Normandie,France
Gretchen William,nunc.quisque@icloud.couk,"Ap #160-4900 Lorem, Road",Valparaíso,Chile
Ian Donovan,duis.cursus@google.ca,Ap #258-9069 Felis St.,Saint Petersburg City,Russian Federation
Stephen Robinson,varius.ultrices@icloud.couk,Ap #346-3326 Integer St.,Balochistan,Pakistan
Jonah Day,proin.nisl.sem@yahoo.com,"P.O. Box 352, 1746 Proin Rd.",O'Higgins,Chile
Scott Camacho,ac.mattis@icloud.ca,"2527 Amet, Ave",Bình Định,Vietnam
Charity Salas,magna.sed.dui@icloud.net,726-7420 Urna St.,Mpumalanga,South Africa
Chandler Conrad,ut.nec@aol.couk,611 Diam Av.,Northern Territory,Australia
Daquan Guerra,vestibulum.lorem@yahoo.com,732-9574 Sodales Avenue,Bình Thuận,Vietnam
Lee Meadows,risus.donec@outlook.net,"P.O. Box 305, 1732 Mattis Av.",Jeju,South Korea
Samuel Perez,consectetuer@icloud.net,849-8043 Commodo Rd.,Ryazan Oblast,Russian Federation
Hammett Aguilar,ligula.tortor@hotmail.net,221-6697 Ullamcorper Rd.,Eastern Cape,South Africa
Quemby Kirkland,integer.urna@protonmail.com,"P.O. Box 458, 3652 Dictum Road",South Sulawesi,Indonesia
Deborah Nielsen,convallis.erat@outlook.ca,"P.O. Box 887, 6014 Erat. Av.",Swiętokrzyskie,Poland
Florence Wynn,faucibus@icloud.org,Ap #978-9545 Eu St.,Chiapas,Mexico
Sheila Gillespie,ac@hotmail.ca,"P.O. Box 992, 8468 Urna. Rd.",Noord Holland,Netherlands
Amos Ochoa,laoreet.lectus.quis@outlook.couk,Ap #167-3121 Nullam Street,Maharastra,India
Alana Nicholson,cras@google.com,Ap #424-9316 Parturient Avenue,Alaska,United States
Wade Wynn,aliquam.adipiscing@yahoo.edu,"P.O. Box 330, 9949 In Avenue",Ceará,Brazil
Harriet Rojas,vitae@hotmail.com,424-8962 Dictum St.,Coquimbo,Chile
Boris Hyde,nunc@icloud.edu,"P.O. Box 122, 1936 Ornare, Road",Niedersachsen,Germany
Thane Manning,sit.amet@aol.edu,Ap #780-6449 Accumsan St.,Goiás,Brazil
Jakeem Burris,nulla.vulputate.dui@google.edu,Ap #988-4846 Dictum St.,Rio Grande do Sul,Brazil
Malik Swanson,non@google.ca,"P.O. Box 877, 9216 Malesuada Ave",South Jeolla,South Korea
Wyatt Cooper,proin@yahoo.couk,8356 Vulputate Rd.,Virginia,United States
Ursa Fuentes,pede.nunc.sed@protonmail.net,Ap #904-1354 Gravida. St.,Mpumalanga,South Africa
Dai Sims,habitant.morbi.tristique@outlook.net,928-7941 Erat Road,Azad Kashmir,Pakistan
Axel Strong,pede@hotmail.ca,Ap #692-5285 Velit Ave,South Australia,Australia
Kevin Mcmahon,vivamus.rhoncus@hotmail.couk,"Ap #323-7149 Ullamcorper, Av.",Extremadura,Spain
Emerald Orr,consequat.dolor.vitae@icloud.couk,477-9158 Sodales Rd.,Arequipa,Peru
Guy Hale,lacus.aliquam.rutrum@hotmail.net,571-7766 Ut Road,Huádōng,China
Dillon Luna,vitae@yahoo.edu,Ap #113-598 Habitant Av.,Tây Ninh,Vietnam
Alika Shannon,dictum.augue@icloud.net,743-7001 Nam Ave,Vorarlberg,Austria
Madison Cote,vitae.semper@protonmail.ca,"P.O. Box 252, 988 Dictum Road",Bangsamoro,Philippines
Autumn George,mauris.ut.quam@hotmail.ca,907-3683 Diam St.,Lower Austria,Austria
Martena Head,elit.erat.vitae@icloud.net,Ap #821-2495 Nunc. Rd.,Alajuela,Costa Rica
Wang Santos,metus.eu.erat@outlook.ca,7974 Donec Avenue,Viken,Norway
Shannon Herrera,aliquam.gravida.mauris@hotmail.com,Ap #747-9305 A Street,Ceuta,Spain
Tallulah Maldonado,nunc@hotmail.couk,2327 Libero. Rd.,Gyeonggi,South Korea
Nehru Hess,proin.non@yahoo.net,Ap #323-4235 Tortor. Rd.,Smolensk Oblast,Russian Federation
Yoko Whitney,eget.massa@hotmail.couk,Ap #407-9158 Cursus. Rd.,Nunavut,Canada
Kane Mcmillan,nibh.phasellus@protonmail.ca,204-2225 Lacus Ave,Arequipa,Peru
Eugenia Copeland,nibh.lacinia@icloud.com,Ap #522-4383 Accumsan Rd.,Delhi,India
Brooke Chavez,non.egestas@yahoo.net,634-5372 Posuere St.,Dōngběi,China
Aristotle Dunn,dui@icloud.com,"P.O. Box 535, 1859 Non, Av.",Viken,Norway
McKenzie Leblanc,mauris@yahoo.org,"P.O. Box 839, 1575 Non St.",Hessen,Germany
Roary Cote,pede.nunc@google.org,"P.O. Box 229, 7678 Ligula Ave",Connacht,Ireland
Jaquelyn David,nam@google.org,547-131 Libero Road,Samara Oblast,Russian Federation
Desiree Burton,nunc@protonmail.couk,"Ap #559-8117 Auctor, Road",Michoacán,Mexico
Dawn Carr,sit@yahoo.com,Ap #691-808 Nonummy St.,Baden Württemberg,Germany
Kimberly Woodward,vel.quam@protonmail.net,938-5118 Odio. Avenue,West Region,Singapore
Aretha Weber,mauris.ut@aol.edu,301-5479 Et St.,Xīnán,China
Mira Hudson,pede.sagittis@aol.ca,1719 Eget Av.,Henegouwen,Belgium
Farrah Campbell,purus@protonmail.com,"P.O. Box 130, 7912 Donec Rd.",Stockholms län,Sweden
Neville Guerrero,aliquam.nisl@icloud.couk,893 Nulla. Rd.,Leinster,Ireland
Autumn Mckee,placerat.velit@icloud.org,2602 Maecenas Street,Southwestern Tagalog Region,Philippines
Sonia Gonzalez,rutrum@aol.org,"P.O. Box 431, 279 Lacus. St.",Xīběi,China
Cassidy Campbell,mauris.rhoncus.id@protonmail.com,Ap #810-8717 Eu St.,Paraná,Brazil
Hilel Cox,amet.metus@hotmail.edu,Ap #688-1533 Nonummy Rd.,Huádōng,China
Jermaine Kerr,amet.lorem@hotmail.couk,385-7670 Aptent St.,Troms og Finnmark,Norway
Lael Middleton,mauris@google.org,"P.O. Box 855, 6900 Faucibus Ave",Washington,United States
Eleanor Williams,eros@hotmail.org,"Ap #803-744 Erat, Av.",Limburg,Netherlands
Brendan Buck,fringilla@outlook.couk,Ap #722-3979 Quis St.,Araucanía,Chile
Fritz Golden,id@icloud.net,Ap #228-178 Eu Rd.,West Region,Singapore
Finn Hendrix,lectus.convallis@icloud.edu,"P.O. Box 979, 1649 Mauris Street",Poltava oblast,Ukraine
Shellie Buckner,sem.elit.pharetra@aol.couk,Ap #844-9557 Ante Av.,Huila,Colombia
Dustin Hood,volutpat.nunc@hotmail.com,Ap #947-3123 Nulla Ave,Limpopo,South Africa
Levi Camacho,imperdiet@yahoo.edu,"P.O. Box 374, 6858 Non, Ave",Yaroslavl Oblast,Russian Federation
Cairo Davis,vel.turpis.aliquam@google.ca,6063 Libero St.,Şanlıurfa,Turkey
Aretha Kirby,lacus@yahoo.com,Ap #403-142 Lectus Road,Östergötlands län,Sweden
Farrah Cotton,tristique.ac@hotmail.ca,Ap #742-7910 Donec Rd.,Xīnán,China
Abbot Mercer,fermentum.metus@protonmail.com,Ap #503-7842 Enim. Avenue,Guerrero,Mexico
Imelda Harding,ultricies@protonmail.ca,Ap #392-2693 Donec St.,Banffshire,United Kingdom
Marvin Allen,lorem.luctus.ut@yahoo.couk,768-2432 Laoreet Avenue,Ceará,Brazil
Barrett Ford,ipsum.dolor.sit@yahoo.ca,Ap #579-7807 Ornare Rd.,Sumy oblast,Ukraine
Ethan Gates,in@outlook.org,Ap #593-1279 Convallis Avenue,North Island,New Zealand
Idola Hines,fringilla.est.mauris@aol.org,933-8160 Faucibus Road,Northern Cape,South Africa
Unity Brennan,pellentesque.eget.dictum@hotmail.edu,"P.O. Box 512, 3246 Nunc St.",Renfrewshire,United Kingdom
Brady Knapp,molestie.pharetra@hotmail.edu,7752 Sit Rd.,Mazowieckie,Poland
Raphael Mclean,turpis.egestas@protonmail.org,Ap #441-3878 In Road,Cajamarca,Peru
Odette Macias,arcu.nunc.mauris@outlook.ca,902-3722 Curabitur Avenue,Angus,United Kingdom
Jameson Cruz,neque@outlook.com,529-5209 Lacus. Road,Oost-Vlaanderen,Belgium
Lucas Estes,nam@google.edu,Ap #292-5561 Neque. Rd.,Sicilia,Italy
Amber Macias,non.vestibulum.nec@google.edu,Ap #427-3753 Euismod St.,Comunitat Valenciana,Spain
Urielle Kerr,sed.nunc.est@hotmail.couk,Ap #135-3096 Auctor Avenue,Nordland,Norway
Honorato Nielsen,neque.et.nunc@yahoo.org,9292 Ultricies Rd.,Gilgit Baltistan,Pakistan
Fiona Gould,consectetuer.ipsum@outlook.edu,Ap #642-1088 Pretium Ave,Västra Götalands län,Sweden
